N,cells,cg_iterations,cg_time,cg_residual,cg_error,sor_iterations,sor_time,sor_residual,sor_error
32,1024,105,0.000589,9.08697e-09,1.00888e-11,139,0.001163,9.95309e-09,2.90272e-10
64,4096,220,0.004768,9.06417e-09,6.11028e-12,801,0.028318,9.95305e-09,4.54843e-10
128,16384,454,0.033666,9.85628e-09,6.04803e-12,3521,0.502923,9.97794e-09,4.93122e-10
256,65536,940,0.313736,1.0005e-08,3.64151e-12,14857,8.92609,9.99065e-09,5.03013e-10
