N,cells,cg_iterations,cg_time,cg_residual,cg_error,sor_iterations,sor_time,sor_residual,sor_error
32,1024,2,1.8e-05,1.62514e-09,0.0614232,197,0.001308,9.05487e-09,0.0614232
64,4096,4,0.000104,7.67349e-09,0.0301227,1061,0.036237,9.96279e-09,0.0301227
128,16384,10,0.000892,7.61336e-09,0.0149307,4593,0.887134,9.95827e-09,0.0149307
256,65536,29,0.010441,1.48706e-08,0.00743458,21106,13.6706,9.9961e-09,0.00743458
