N,cells,cg_iterations,cg_time,cg_residual,cg_error,sor_iterations,sor_time,sor_residual,sor_error
32,1024,91,0.016231,7.51686e-09,5.64425e-12,0,0,0,0
64,4096,188,0.037785,7.48023e-09,3.49466e-12,0,0,0,0
128,16384,388,0.100305,9.58911e-09,4.31104e-12,0,0,0,0
256,65536,804,0.259683,9.52902e-09,2.19604e-12,0,0,0,0
