N,cells,cg_iterations,cg_time,cg_residual,cg_error,sor_iterations,sor_time,sor_residual,sor_error
32,1024,91,0.000532,7.51535e-09,5.64286e-12,154,0.00139,9.59764e-09,2.79902e-10
64,4096,188,0.005952,7.48021e-09,3.49465e-12,772,0.032094,9.99152e-09,4.56602e-10
128,16384,388,0.030636,9.58973e-09,4.31109e-12,2911,0.399823,9.99063e-09,4.93756e-10
256,65536,804,0.273089,9.53172e-09,2.1963e-12,13799,8.21103,9.99176e-09,5.03016e-10
