N,cells,cg_iterations,cg_time,cg_residual,cg_error,sor_iterations,sor_time,sor_residual,sor_error
32,1024,2,2.0166e-05,1.62514e-09,0.0614232,197,0.0033655,9.05487e-09,0.0614232
64,4096,4,0.000117833,7.67349e-09,0.0301227,1061,0.0406956,9.96279e-09,0.0301227
128,16384,10,0.000707333,7.61519e-09,0.0149307,4593,0.755954,9.95827e-09,0.0149307
256,65536,29,0.00628633,1.48704e-08,0.00743458,21106,14.5917,9.9961e-09,0.00743458
