threads,N,cells,cg_iterations,cg_time,cg_residual,cg_error,cg_speedup
1,1024,1048576,3356,15.9257,1.14631e-07,1.4152e-12,1
2,1024,1048576,3356,8.97671,1.13629e-07,1.32849e-12,1.77411
4,1024,1048576,3356,5.98578,1.13753e-07,1.32294e-12,2.66058
8,1024,1048576,3356,6.05937,1.13282e-07,1.31255e-12,2.62827
