threads,N,cells,cg_iterations,cg_time,cg_residual,cg_error,cg_speedup
1,1024,1048576,3940,19.5086,7.56223e-08,1.83258e-12,1
2,1024,1048576,3940,11.9223,7.5925e-08,1.83581e-12,1.63631
4,1024,1048576,3940,8.55634,7.65698e-08,1.81379e-12,2.28002
8,1024,1048576,3940,8.03579,7.549e-08,1.79955e-12,2.42771
