threads,N,cells,cg_iterations,cg_time,cg_residual,cg_error,cg_speedup
1,1024,1048576,3356,16.0301,1.14631e-07,1.4152e-12,1
2,1024,1048576,3356,8.95529,1.13629e-07,1.32849e-12,1.79002
4,1024,1048576,3356,5.96106,1.13609e-07,1.32126e-12,2.68914
8,1024,1048576,3356,5.98652,1.13669e-07,1.31517e-12,2.67771
